Date,Title,Comment,LikeCount
2020-08-15,"의대정원 확충, 국민·국가 위해 불가피한 결정- 의료계 집단휴진 추진 관련 박능후 보건복지부 장관 대국민 담화문 발표","거짖말로 대화하겠다고 하면서, 이미 결정해 놓고 따르라고 국민 팔지 마십시요",13
2020-08-07,"의대정원 확충, 국민·국가 위해 불가피한 결정- 의료계 집단휴진 추진 관련 박능후 보건복지부 장관 대국민 담화문 발표","의대 정원을 늘릴때 생각해야 할 부분이 있습니다.
1. 단순히 의대정원을 늘리는 것으로 의료의 지역 불균형이 해소되는가? 
현재 취업난이 심각한데 그 이유가 무엇입니까?  취업준비생들의 수가 부족해서입니까? 아닙니다 다들 처우가 안좋은 중소기업이 아닌 대기업에 입사하기 위해 스펙을 쌓고 몇년이고 취업 준비를 하기 때문이죠. 이런 상황에서 취업준비생들의 수를 늘리면 취업난이 해소될까요? 대기업에 들어가기 위한 경쟁은 더 심해지고 취업난은 더 심각해질겁니다.
지금의 의료상황도 이와 같습니다. 비인기과, 지방 근무하는 의료진에 대한 처우 개선이 선행되야 할 것입니다. 
2. 공공의대의 실효성은 어느 정도인가?
사실 국민건강보험제도를 전국민이 의무적으로 가입하는 우리나라의 제도상 모든 의료서비스가 공공의료에 속합니다. 
현재 심각한 의료불균형 문제, 비인기과 전문의의 부족같은 문제는 공공의대가 설립되어도 신입생을 받고 의사가 되기까지 10년이라는 시간이 걸립니다. 또한 공공의대의 의무복무 기간은 10년이고 그 중 5년의 수련과정이 포함되어있어 사실상 5년의 복무기간이 강제됩니다. 하지만 자유민주주의인 대한민국에 그 이후의 의료행위는 강제하지 못하고 내외산소, 지방근무의 처우 개선이 안된다면 공공의대 출신 의사들이 공공의대 설립 목적에 맞지않게 행동할 수도 있습니다. 

마지막으로 의사들의 파업은 환자의 생명과 연관되어 있고 많은 분들이 환자의 생명을 담보로 파업한다고 생각하시고 비난하십니다. 
하지만 그렇게 중요한 생명에 관한 정책, 전문 의료진과의 상의도 없이 통과되는 것도 문제 아닐까요? 
정책이 통과되고 시행되면 돌이킬 수 없습니다. 최저임금 인상으로 부작용이 생긴다고 최저임금을 예전처럼 인하할 수 있을까요? 불가능입니다. 그래서 의사들이 발벗고 나서서 파업하고 투장하는 것입니다. 많은 분들이 알아주셨으면 합니다. 감사합니다.",18
2020-08-07,"의대정원 확충, 국민·국가 위해 불가피한 결정- 의료계 집단휴진 추진 관련 박능후 보건복지부 장관 대국민 담화문 발표","퍼온 댓글입니다.
-------------------------------------------------------------------------------------------------------------------------------------------------------------------------------------------------------------------------------------------------------------
인원만 늘린다고 무조건 좋은거면 서울대생 정원은 왜 13%나 안늘릴까요? 서울대 정원 늘린다고 매년 우리나라 최우수 인재들이 13%나 더 나오는건 아니잖아요. 그런 단순한 논리대로라면 서울대 정원 2배로 늘려야지요. 대학은 등록금 2배로 받아서 좋고, 대한민국에서 내놓으라하는 최우수 인재는 매년 2배나 나오고 똑똑한 사람들 숫자가 확 늘어나니까 대한민국 경제 발전에도 도움이 될거고 심지어 서울에 일자리 없으면 지방 중소기업에도 취직하러 가겠네요. 지방도 살아나고..

지방에 열악한 중소기업들도 서울대생 뽑아서 쓸수 있으니까 좋고, 청년실업도 줄고 와 너무 좋다

혹시 이 논리인가요?

열악한 근무환경과 지방에 있는 중소기업들이 서울대생 같은 우수한 인재를 뽑을려면 거기에 맞게 봉급이나 근무환경들이 개선되어야 합니다. 지방이라도 중소기업이라도 지원하고 싶게끔 말이죠.
단순히 서울대생 숫자를 늘리는게 아니라...

혹시 머 서울대생 2배는 말이 안되도 의대생 13% 정도는 아무것도 아니라고 생각하나요??
13%정도는 맘대로 늘렸다가 줄였다가 해도 될거같아요? 13%가 적어서?

그럼 단적인 예로 님 월급 10년동안 13% 깎아봅시다. 어차피 10년이면 한시적이니까요. 그럼 체감하실수 있을겁니다.

백번 양보해서 지방에 강제로 근무할 인원을 미리부터 선발한다고 칩시다. 지금 그 사람들이 지방에서 근무할 병원이 다 마련되어 있나요? 아니면 일반의원 개인병동에서 강제로 뽑아쓰도록 또 강요하는 정책을 만들건가요?
아니면 보건소같은 곳에서 기피과(흉부외과, 외과)를 강제로 근무하게 할건가요? 그럼 시골 구석 보건소에서 심장수술 받으실래요? 수술실도 없는데 수술할 수 있는 간호사랑 수술방에 배치되어야할  몇십억씩 하는 장비들 포함한 수술실까지 지방 보건소에 돈들여서 만들건가요? 아니면 지방에 흉부외과같은 기피과 포함된 종합병원을 정부 예산으로 지어줄건가요? 있던 진주의료원도 적자라서 폐지했는데 대책은 있는건가요?

----------------------------------------------------------------------------------------------------------------------------------------------------------------------------------------------------------------------------------------------------------------------

의사들이 단순히 밥그릇 때문에 반대하는건 절대 아닙니다.  현재 의료수가에 대한 부분부터 필수의료에 대한 정부정책들이 더 큰 문제인데 그건 계속해서 외면해오고 있어요. 환자의 생명과 직결되고 수술을 다루는 과들(흉부외과, 일반외과, 산부인과 등등)을 왜 전공의들이 기피할까요? 힘들고 어려워서? 아닙니다. 수련과정은 정형외과나 신경외과도 만만찮게 힘들고 어려워요. 다름아닌 의사처우 개선이 아직 제대로 이루어지지 않았기 때문입니다.",14
2020-08-06,"의대정원 확충, 국민·국가 위해 불가피한 결정- 의료계 집단휴진 추진 관련 박능후 보건복지부 장관 대국민 담화문 발표",강력하게 추진하십시오...의협이리는 사실상 특권집단의 이기주의를 더이상 방치할수 없습니다...공공의료를 위해서 의사수를 지금보다 최소한 2배는 늘려야합니다...,12
2020-08-06,"의대정원 확충, 국민·국가 위해 불가피한 결정- 의료계 집단휴진 추진 관련 박능후 보건복지부 장관 대국민 담화문 발표","의사수가 부족하고 없어서 지방에 의사가 없다고 생각하고 의사를 더 뽑아서 그 지역에 있게 하도록 강제 해야지만 문제가 해결된다고 보는건가요?
기피과라는것이 왜 생기고 지방에 기피과 의사들이 왜 없는지는 시장원리를 생각하면 무조건 정답이 나오는 문제입니다. 제발 정부는 모든 것들을 개입해서 강제로 해결하겠다는 생각을 하는게 아니라 왜 이런 문제가 발생했는지 근본적인 숙고를 하고 지원책 부양책등을 내놓아야지 이런식으로 주먹구구식으로 강제한다고 문제가 해결되는게 아니고 정녕 모든 문제에 이런식의 대처밖에 할 줄 모르는겁니까?",13
2020-08-06,"의대정원 확충, 국민·국가 위해 불가피한 결정- 의료계 집단휴진 추진 관련 박능후 보건복지부 장관 대국민 담화문 발표",국민의 건강과 희생하는 의료인을 위해 강력하게 추진해 주세요,21
2020-08-06,"의대정원 확충, 국민·국가 위해 불가피한 결정- 의료계 집단휴진 추진 관련 박능후 보건복지부 장관 대국민 담화문 발표","의협을 없애고 오로지 국민의 
건강과 안녕을 위한 의료기관 의사로 거듭나는 계기가 되기를 바랍니다.",15
2020-08-06,"의대정원 확충, 국민·국가 위해 불가피한 결정- 의료계 집단휴진 추진 관련 박능후 보건복지부 장관 대국민 담화문 발표","의사들이 사명을 가지고 사람의 생명을 소중히 여길수 있었으면 좋겠습니다.
응원합니다. 의료선진국 대한민국 가즈아~",16
2020-08-06,"의대정원 확충, 국민·국가 위해 불가피한 결정- 의료계 집단휴진 추진 관련 박능후 보건복지부 장관 대국민 담화문 발표",의사과잉배출로 의료질이 하락힌다고? 지방은 의사가 없어서 문제고 그걸해결하려는 이번 정부안인데. 정말옹색한 명분. 의사들 니들 돈벌이줄어들까봐 그러는거잖아.,29
2020-08-06,"의대정원 확충, 국민·국가 위해 불가피한 결정- 의료계 집단휴진 추진 관련 박능후 보건복지부 장관 대국민 담화문 발표","박능후장관님!
물러서지 마십시오.
의협은 언제나 비겁하게 국민의 건강을 담보로 그들의 의견을 주장했었습니다.
지금도 그러합니다만, 그들이 모르는 것이 있습니다.
국민이 코로나19로 정부를 신뢰하고, 
작년의 일본 수출규제로 인해 국민은 단결과 자긍심을 가졌으며,
촛불혁명으로 국민의 힘을 깨달았습니다.
우리가 강하고, 위대한 민족임을 자각한 것입니다.

의협의 파업(국민의 건강을 담보로 한 협박)은  예전처럼 통하지 않을 것입니다.
그러므로 강건히 나아가시길 바랍니다.",26
2020-08-06,"의대정원 확충, 국민·국가 위해 불가피한 결정- 의료계 집단휴진 추진 관련 박능후 보건복지부 장관 대국민 담화문 발표","국민여러분!
파업에 동참하는 동네병원 
안가는 운동을 벌입시다!",14
2020-08-06,"의대정원 확충, 국민·국가 위해 불가피한 결정- 의료계 집단휴진 추진 관련 박능후 보건복지부 장관 대국민 담화문 발표","이번 결정은 아주 잘한 정책입니다,
지방, 특히 시.군단위 지역은 의료 혜택이 요원합니다,  이웃 도시 의료원으로 이동해야 하고 그에따른 비용이 증가하여 애로점이 많았습니다,
의사는 특정집단이 아닙니다,  치료할 사람들이 필요한 대단히 중요한 사람들입니다, 코로나19와 같은 전염병이  올경우에는 더욱 그렇죠.
이번 코로나19로 세계에서 선진국이라는 나라들의 의료수준이 빈익빈 이란 사실도 여실히 입증되듯이,
수치로 나타나는 GDP, GNP로 가르는 선진, 후진이 아닌 국민 개개인들이 안전하게 살아갈 수 있는 나라의 중요함을 느꼈습니다,
수치로는 후진국으로 알고있는 ""쿠바"" 는 의료 선진국입니다, 이번 코로나19로 고통받은 이태리등 서구 선진국으로 의료봉사를 행했던 나라입니다,
이나라는 의료와 교육이 무료인 나라로 알고있습니다, 특히 사람의 생명을 다루는 ""의대생"" 수가 가장 많은 나라중에 속한다고 알고 있습니다,
의학협회는 의사가 되기위한 기본자세인 ""히포크라테스 선서"" 를 맨처음 선언할때의 기본마음을 조금이라도 가져 주길 바랍니다.",24
2020-08-06,"의대정원 확충, 국민·국가 위해 불가피한 결정- 의료계 집단휴진 추진 관련 박능후 보건복지부 장관 대국민 담화문 발표",환경변화가 심하니 의사들 수 마니 늘려야 합니다 응원 합니다 문정부 응원합니다 더욱 밀고 가십시요,31
2020-08-06,"의대정원 확충, 국민·국가 위해 불가피한 결정- 의료계 집단휴진 추진 관련 박능후 보건복지부 장관 대국민 담화문 발표",미통탕 추종 토착왜구 세력들이 뒤에서 파업을 부추겼겠지... 원래 기득권들의 대부분이 토착왜구들이니까...  돈벌려고 의사된 토착왜구들이 반대하는 것이라고 봅니다. 사명감을 가지고 생명을 살리는 일에 수고하는 모든 의사분들에게는 진심으로 감사드립니다. 정부의 정책에 적극 지지합니다. 특권의식 쩌는 이기적인 의사들은 의사 때려치우고 사업이나 해라.,30
2020-08-06,"의대정원 확충, 국민·국가 위해 불가피한 결정- 의료계 집단휴진 추진 관련 박능후 보건복지부 장관 대국민 담화문 발표",앞으로 코로나 같은 신종바이러스가 많이 나올 것으로 예상됩니다. 전문 의료진 확충은 시대적 요구입니다. 정부의 선견지명 정책을 적극 지지합니다.,38
2020-08-06,"의대정원 확충, 국민·국가 위해 불가피한 결정- 의료계 집단휴진 추진 관련 박능후 보건복지부 장관 대국민 담화문 발표","의대 정원 확대하면 의료질이 왜 떨어지냐면...

1. 현재 내외산소흉등의 바이탈과는 임대료, 인건비등의 유지비는 치솟지만 수가는 적자라서 환자치료만 하면 계속 적자만봄. 그래서 비급여 항목들을 병행하며 겨우 유지하는중.
2. 이런 상황에서 의사 수가 과도하게 늘어나면 적자만 보는 급여항목으로 가는 의사는 어차피 없음(그걸 강제하겠다는게 공공의사인데, 직업선택의 자유, 거주이전의 자유를 침해한다는점에서 위헌소지가 매우 다분함. 실제로 비슷한 정책이 위헌판결받고 폐지된 적 있음.) 그럼 비급여 시장(미용 쁘띠)쪽만 무지하게 늘어남.
3. 비급여파이가 줄어들며 어떻게든 비급여로 급여항목 적자메꾸면서 1차 진료 보던 바이탈과 의사들 도산. 
4. 도산한 의사들은 미용 쁘띠등 비급여로 몰려 더욱 악화. 
5. 결국 1차의료 붕괴. 2차 3차 병원은 과도하게 비대해짐.
6. 문제는 2차 3차 병원에게도 급여항목은 적자수가이기에, 인건비를 즐인다며 의사를 고용을 안함.
7. 결국 간호사들의 절반이상이 장롱면허인것처럼 전문의 수준의 교육을 받은 의료인재들이 장롱면허로 살게됨. 
8. 환자들 입장에선 1차의원 도산으로 의료접근성 매우 떨어짐. 2, 3차 병원 의사들은 격무에 시달림. 환자들은 대기순위가 쭉쭉 밀려 의사 한번 만나려면 몇달씩 기다리는 유럽식 의료화.
9. 사스, 메르스, 코비드19처럼 5~6년마다 세계적 판데믹이 벌어지는 현대 사회에서 의료접근성을 스스로 낮추는건 그냥 무장해제를 하겠다는뜻.
10. 만약 이 정책이 시행되면 의대정원 확대의 수혜를 받은 학생들이 졸업하여 의사가 될땐 이미 의료붕괴가 많이 진행된 상황일 가능성이 높음. 그런데 문제는 이 정책을 시행한 정권은 그때까지 남아있을까? 의료 시스템을 완전히 붕괴시킨 사람들은 이미 정계를 은퇴했을텐데?

수가개선이 우선해야한다고 누누히 이야기하는 이유가 이거임. 의사들 생각보다 멍청함. 다들 그냥 내가 배운대로만 일해서 돈벌수 있으면 그렇게 큰돈 안바람. 야망있는 사람들은 소수고  병원유지만 되도 뭐 그냥 그럭저럭 살 정도의 건어물들이 대부분. 근데 그걸 보장해주는건 바라지도 않는데 아예 다같이 망하라고 벼랑으로 밀고 있으니 파업을 하겠다는것.

의사를 마구 늘리면 인력난이 해소되고 국민의료가 발전하리란 말은 지금 국토의 70%인 산을 깎고 그 자리에 아파트를 빼곡하게 세우면 주거난이 해결될것이고 가계부채가 수백조씩되니까 한국은행에서 돈을 마구 찍어내서 다 갚아버리면 된다고 하는것과 같은 수준의 사고임. 문제는 그걸 정치인이 하고있음.

+
사명감이 없다고? 미안한데 심장멈춘 사람 심장마사지해서 살려본적 있음? 새벽2시까지 일하다가 겨우 잠들었는데 3시에 심장멈춘 환자 있다고 코드블루듣고 달려가서 '돌아왔습니다' 한마디 들으려고 한시간동안 심폐소생술 하면서 온몸 땀으로 샤워하고 헥헥거리고 5시부터 회진준비해야해서 잠 못잔다는거 알면서도 그 '돌아왔습니다' 한마디 때문에  당직만 빼고 웃으면서 숙소로 돌아간다. 그만큼 사람을 살리는일은 짜릿하고 보람잇다는거 모든 의사가 다 알고있다. 그리고 그걸 막고 있는게 바로 저수가와 의사를 노예취급하는 정부다. 우리는 개새끼도 아니고 빕그릇에 미친 백정도 아니다. 언젠가 너희가 환자가 되었을때 만날 의사이고 어쩌면 바짓가랑이에 매달릴수도 있는 의사다. 제발, 배운대로만 일하게 해줘.",23
2020-08-06,"의대정원 확충, 국민·국가 위해 불가피한 결정- 의료계 집단휴진 추진 관련 박능후 보건복지부 장관 대국민 담화문 발표",지지합니다. 시골은 의료서비스 받기 힘듭니다.,37
2020-08-06,"의대정원 확충, 국민·국가 위해 불가피한 결정- 의료계 집단휴진 추진 관련 박능후 보건복지부 장관 대국민 담화문 발표",의협 이번에는 꼭손보고 가야한다 무소불위에 의협 .일개이익단체일뿐이다..복지부내공무원들이 문제다,35
2020-08-06,"의대정원 확충, 국민·국가 위해 불가피한 결정- 의료계 집단휴진 추진 관련 박능후 보건복지부 장관 대국민 담화문 발표",옳으신말씀,21
2020-08-06,"의대정원 확충, 국민·국가 위해 불가피한 결정- 의료계 집단휴진 추진 관련 박능후 보건복지부 장관 대국민 담화문 발표","의사인원수가 부족해서 지방에 의사가 없다는건  1차원적인 생각인거 같습니다.
서울에서 근무하는게 여건이 좋으니까 서울로 의사가 몰릴수밖에요..
정부는 인원수만 늘릴게아니라 의사들이 지방에서 근무하고싶어지도록 환경을 만들어줘야한다고 생각합니다.
(또한, 정부에서 말하는것만 들을게아니라 내면에 어떤 문제들이 있는지 의사들의 입장도 들어봐야합니다.)",11
2020-08-06,"의대정원 확충, 국민·국가 위해 불가피한 결정- 의료계 집단휴진 추진 관련 박능후 보건복지부 장관 대국민 담화문 발표",의대정원확충 찬성합니다!! 지방에 있는사람도 실력있는의사가 너무 필요해요!!지방간 의료격차심한거 하루빨리 줄여주세요!! 감사합니다!!,30
2020-08-06,"의대정원 확충, 국민·국가 위해 불가피한 결정- 의료계 집단휴진 추진 관련 박능후 보건복지부 장관 대국민 담화문 발표","뭘 어렵게 생각해 의사가 많으면 국민이 좋은 거지. 특히 현재 미래 의료관광 등 해외 의료 수요 증가를 대비해 필수적이다. 이건 국내문제가 아니야 k의료를 대비한 필수적인 조치고 그건 곧 알겠지만 그리 길지 않은 현실이야.
해외에서 찾아 오는 의료수요에 필요한 당연한 조치~~",28
2020-08-06,"의대정원 확충, 국민·국가 위해 불가피한 결정- 의료계 집단휴진 추진 관련 박능후 보건복지부 장관 대국민 담화문 발표",지지하고 응원합니다!,24
2020-08-06,"의대정원 확충, 국민·국가 위해 불가피한 결정- 의료계 집단휴진 추진 관련 박능후 보건복지부 장관 대국민 담화문 발표","앞으론 점점 더 필요하죠!
돈벌이만 하는 진료과 말고 진짜 필요한 진료과를 늘려주셔야 함!
국민들과 지방은 완전 공감하고 환영해야 하는 일이네!!",15
2020-08-06,"의대정원 확충, 국민·국가 위해 불가피한 결정- 의료계 집단휴진 추진 관련 박능후 보건복지부 장관 대국민 담화문 발표","너무도 잘되었네요!^^
진정 국민의 목숨을 소중히 생각하는 정부 임이 분명하다!
기분이 너무 좋다!!!!!^^♡
사람이 사람답게 살수있는 대한민국!!!!!!^^
감사와존경을.....!!!!!!!^^♡",26
2020-08-06,"의대정원 확충, 국민·국가 위해 불가피한 결정- 의료계 집단휴진 추진 관련 박능후 보건복지부 장관 대국민 담화문 발표","국민이 정치에 관심을 두지 않을 때, 우리 중 취약계층이 맨 먼저 고통을 받는다.",25
2020-08-06,"의대정원 확충, 국민·국가 위해 불가피한 결정- 의료계 집단휴진 추진 관련 박능후 보건복지부 장관 대국민 담화문 발표",요즘은 의사가 환자를  돈으로만 본다  예전에는 의사가 꽤나 존경받는 직업이었다.,27
2020-08-06,"의대정원 확충, 국민·국가 위해 불가피한 결정- 의료계 집단휴진 추진 관련 박능후 보건복지부 장관 대국민 담화문 발표","100세시대에 꼭 있어야 할 정책입니다. 이젠 반대하는 의료진과는 협치없이 강하게 정책대로 밀고나가시길 
응원합니다. 지지합니다.",31
2020-08-06,"의대정원 확충, 국민·국가 위해 불가피한 결정- 의료계 집단휴진 추진 관련 박능후 보건복지부 장관 대국민 담화문 발표","협회장이란 인간과 그 인간을 지지하는 의사들은 
정신교육을 받아야 함!
정부의 의료정책을 지지합니다!",45
2020-08-06,"의대정원 확충, 국민·국가 위해 불가피한 결정- 의료계 집단휴진 추진 관련 박능후 보건복지부 장관 대국민 담화문 발표",지지합니다 의사들 모자란다고 오래전부터 불평이 있으니  2배이상 확보합시다,40
2020-08-06,"의대정원 확충, 국민·국가 위해 불가피한 결정- 의료계 집단휴진 추진 관련 박능후 보건복지부 장관 대국민 담화문 발표",박능후장관님!응원합니다!힘내세요!💞,25
2020-08-06,"의대정원 확충, 국민·국가 위해 불가피한 결정- 의료계 집단휴진 추진 관련 박능후 보건복지부 장관 대국민 담화문 발표",의사분들~당신들이 환자 돈으로 밖에안보고 진료 설렁설렁해서 그렇잖아요 근데 왠파업?,27
2020-08-06,"의대정원 확충, 국민·국가 위해 불가피한 결정- 의료계 집단휴진 추진 관련 박능후 보건복지부 장관 대국민 담화문 발표",지지합니다.,31
2020-08-06,"의대정원 확충, 국민·국가 위해 불가피한 결정- 의료계 집단휴진 추진 관련 박능후 보건복지부 장관 대국민 담화문 발표","나는 코로나시대를 살고 있는 국민입니다!
코로나시대에 한국의료진들은 정부가 할 일을 제대로 해서 너무 다행이고 편하지 않나요?
국민의 건강을 제외 시킨 의료인의 어떤 행위도 코로나시대의 국민은 이해를 하지 않을겁니다! 이건 정치적인 영역이 아님을 아셔야 할 겁니다!
국민통합의료협회를 만들면 좋겠습니다!
장관님! 찬성입니다!

의사와 간호사를 많이 배출해서 국내는 물론 전세계의 병원마다 한국 의사들이 많이 있으면 좋겠습니다!
의료인의 한국화 유행!",47
2020-08-06,"의대정원 확충, 국민·국가 위해 불가피한 결정- 의료계 집단휴진 추진 관련 박능후 보건복지부 장관 대국민 담화문 발표",응원합니다  꼭 그렇게 안들어 주세요,31
2020-08-06,"의대정원 확충, 국민·국가 위해 불가피한 결정- 의료계 집단휴진 추진 관련 박능후 보건복지부 장관 대국민 담화문 발표",응원합니다,40
2020-08-06,"의대정원 확충, 국민·국가 위해 불가피한 결정- 의료계 집단휴진 추진 관련 박능후 보건복지부 장관 대국민 담화문 발표",파업  의료인  의료 자격  박탈하고 향후 10년간  자격  박탈하세요~~~~~,46
2020-08-06,"의대정원 확충, 국민·국가 위해 불가피한 결정- 의료계 집단휴진 추진 관련 박능후 보건복지부 장관 대국민 담화문 발표",의사협회장이 누굽니꽈!,33
2020-08-06,"의대정원 확충, 국민·국가 위해 불가피한 결정- 의료계 집단휴진 추진 관련 박능후 보건복지부 장관 대국민 담화문 발표",정부 정책을 지지하고 응원합니다.👍👍👍👍👍👍👍👍👍,57
2020-08-06,"의대정원 확충, 국민·국가 위해 불가피한 결정- 의료계 집단휴진 추진 관련 박능후 보건복지부 장관 대국민 담화문 발표",정부의 의료인력확충정책에 적극적으로 지지합니다.,58
2020-08-06,"의대정원 확충, 국민·국가 위해 불가피한 결정- 의료계 집단휴진 추진 관련 박능후 보건복지부 장관 대국민 담화문 발표","맞아요. 의사는 인간이다. 피곤하면 실수할 수 있다. 의사와 소통을 원하는 환자에게 더 시간을 낼 수 있다. 의료복지, 의료서비스를 위해 필요한 일이다. 한가지 우려스러운건 공대가려는 학생들이게도 혜택이 있었으면 합니다. 포항공대, 카이스트 우리 과학자들에게도 과학자되는 것이 자랑스러운 일이 되도록!! 부탁드립니다!!!",37
2020-08-06,"의대정원 확충, 국민·국가 위해 불가피한 결정- 의료계 집단휴진 추진 관련 박능후 보건복지부 장관 대국민 담화문 발표",회장이 문제다,46
2020-08-06,"의대정원 확충, 국민·국가 위해 불가피한 결정- 의료계 집단휴진 추진 관련 박능후 보건복지부 장관 대국민 담화문 발표",국민건강 최우선입니다,30
2020-08-06,"의대정원 확충, 국민·국가 위해 불가피한 결정- 의료계 집단휴진 추진 관련 박능후 보건복지부 장관 대국민 담화문 발표",의사들은 이걸 왜 반대하는거야?... 지방에 의료인이 없어서 죄다 서울로 와서 서울이 포화상태인데,51
2020-08-06,"의대정원 확충, 국민·국가 위해 불가피한 결정- 의료계 집단휴진 추진 관련 박능후 보건복지부 장관 대국민 담화문 발표","강간😡, 불법수술😨, 
의료사고😱, 성추행😵 등등등등등😭😭😭😭😭😭
의사면허 유지하고 처벌은 미미한 의사들을
계속 숫자만 유지해온다는게
미친짓 아니냐
😃😃😃의사 더 뽑되 정부의견처럼
❤지역으로 갈 의사를 키우고
❤각종 범죄저지른 의사들 적극적으로
면허취소시켜 그 자릴 교체시키게
해야 합니다.",60
2020-08-06,"의대정원 확충, 국민·국가 위해 불가피한 결정- 의료계 집단휴진 추진 관련 박능후 보건복지부 장관 대국민 담화문 발표","필요하지.
그리고 의사들도 서울에만 있지말고 전국에 고르게 분포시킬 방안도 고민 필요하지 않을까",35
2020-08-06,"의대정원 확충, 국민·국가 위해 불가피한 결정- 의료계 집단휴진 추진 관련 박능후 보건복지부 장관 대국민 담화문 발표",병원 안가게 건강관리  잘 해야겠다 ㅎㅎ,20
2020-08-06,"의대정원 확충, 국민·국가 위해 불가피한 결정- 의료계 집단휴진 추진 관련 박능후 보건복지부 장관 대국민 담화문 발표",사람의 생명을 가지고 장난치는 의사는 인간의 도를넘은 짐승만도 못합니다,39
2020-08-19,"의대 정원 확대, 의료계 파업의 본질과 해법","교수님 늦은 시간까지 수고하셨습니다~^^
목에 좋은 것 좀 챙겨 드셔요.
일정이 바쁘신지라 걱정입니다.
역지사지~ 구독자 걱정 시키지마세요😄",11
2020-08-28,한국의과대학‧의학전문대학원협회(KAMC) 긴급 기자회견,"강성노조들은 매년 ..과장해서 매달 파업하는데.
의사들은 참다참다 목소리 한번 냈더니 
그거가지고 적폐취급이나 하고.....
코로나때 그 고생한 의료진들을 어떻게..
그리고 의사가 추천으로 들어간다는게 그게 말이 되는건지
사시 없애고...이제 의사  차례인가..",16
2020-08-27,한국의과대학‧의학전문대학원협회(KAMC) 긴급 기자회견,의료계 지지 합니다 제발 힘내주세요..,17
2020-08-27,한국의과대학‧의학전문대학원협회(KAMC) 긴급 기자회견,교수님들 감사합니다.,12
2020-08-27,한국의과대학‧의학전문대학원협회(KAMC) 긴급 기자회견,의료진은 공공재가 아니라 국민입니다,23
2020-08-27,한국의과대학‧의학전문대학원협회(KAMC) 긴급 기자회견,늘 감사드립니다,13
2020-08-27,한국의과대학‧의학전문대학원협회(KAMC) 긴급 기자회견,응원합니다 감사합니다,12
2020-08-27,한국의과대학‧의학전문대학원협회(KAMC) 긴급 기자회견,응원합니다!,11
2020-08-27,한국의과대학‧의학전문대학원협회(KAMC) 긴급 기자회견,응원합니다,11
2020-08-27,한국의과대학‧의학전문대학원협회(KAMC) 긴급 기자회견,교수님들 감사합니다,18
2020-08-27,한국의과대학‧의학전문대학원협회(KAMC) 긴급 기자회견,응원합니다.,11
2020-08-27,한국의과대학‧의학전문대학원협회(KAMC) 긴급 기자회견,응원합니다 정부는 의료공급을 진정으로 걱정한다면 옳은 결단을 내리세요!,18
2020-08-27,한국의과대학‧의학전문대학원협회(KAMC) 긴급 기자회견,응원합니다.,12
2020-08-27,한국의과대학‧의학전문대학원협회(KAMC) 긴급 기자회견,응원합니다 .,11
2020-08-27,한국의과대학‧의학전문대학원협회(KAMC) 긴급 기자회견,응원합니다 감사합니다!,14
2020-08-27,한국의과대학‧의학전문대학원협회(KAMC) 긴급 기자회견,응원합니다!,12
2020-08-26,#여섯시愛복지Q 📺 #의대정원_증원 특집!!!,"소통하는척하면 뭐합니까. 촛불로 정권엎어놓고 지들은 비리, 불통 지들맘대로..",14
2020-08-12,#여섯시愛복지Q 📺 #의대정원_증원 특집!!!,왜 이 시국에 의사들이랑 대립각을 세우는거지...? 굳이...?,20
2020-08-12,#여섯시愛복지Q 📺 #의대정원_증원 특집!!!,"지금 정부는 자기들이 정말로 '선'의 입장에 있다고 믿는 거 아닌가 의심이 됨. 사실 하는 짓 보면 되도 않는 탁상행정만 하는데도 이번 투표에서 압승을 해서 그렇게 믿고 있는 거 같음. 실상은 개똥하고 그냥 똥 중에 그나마 나은 쪽으로 선택한 거인데...

그리고 이 정책 자체에 대해서 이야기 하자면 이 정부는 아마 지금 같은 상황을 기다려 왔다고 본다. 애초에 물가는 계속 오르는데 의료수가는 건강보험제도가 생긴 이후로 거의 오른적이 없음. 왜그러냐면 정부 입장에서는 의사들이 눈엣가시니까. 정부입장에서는 개돼지마냥 지들이 정해준 정책에 선동되는 국민들이 필요한데, 머가리 좀 되는 애들이 개기니까 얼마나 꼴뵈기 싫었겠어 ㅋㅋㅋ 그러니까 국민들이 의료를 쉽고 싸게 받는다는 이유로 건보료랑 의료수가를 안올렸지. 그렇게 의사들 엿맥일 기회만 보고 있었는데 이번에 코로나 사태로 기회를 잡은거지. 의료진 갈아넣어서 겨우 방역해놓고 자기들이 다 한것마냥 사람들한테 선동질하고 때가 됐다 싶으니 선동질한 사람들이 어그로좀 끌어서 의사 ㅈ되보라고 이딴 정책을 펴는거지 ㅋㅋㅋ 얘네들도 다 대가리가 있는 사람들인데 진짜 환자를 살리고 국민을 위한거라면 이런 정책을 펼리가 없지 ㅋㅋㅋ 다 이유가 있는 거임. 거기다가 대형병원의 높으신분들이랑 결탁해서 뒷돈 챙기고, 정치인 자식 의사만들려면 증원이 필요하기도 하고. 분양가 상한제가 국민들이 아니라 건설사랑 뒷돈 챙기려고 만들어진 정책인거랑 비슷한 상황이라고 보면됨.

결국 이 정책을 펼치는 이유를 요약하자면 이렇게 볼수 있음
1. 정부는 의사를 엿맥이고 싶었는데 마침 코로나가 터져서 국민들을 선동하기가 쉬워짐.
2. 높으신 분들 뒷돈도 챙기고, 자녀들 의사도 만들고 일거양득이니까",19
2020-08-12,#여섯시愛복지Q 📺 #의대정원_증원 특집!!!,댓글에 답이나 달으세요,14
2020-08-11,#여섯시愛복지Q 📺 #의대정원_증원 특집!!!,"그래도 정부채널인데 이렇게 대놓고 거짓정보 뿌려도 되는건가요...? 여가부마냥 통계 장난질을 해놓으셨네
낮은 수가 때문에 필요하지만 인기없는 과로 의사들이 안 가는 것이 문제인거지, 절대적인 의사 수가 문제가 아닙니다. 근본적인 해결책 없이 4천명 증원해봐야 성형외과 2천명 피부과 1천명 요양병원 1천명 가겠죠",32
2020-08-11,#여섯시愛복지Q 📺 #의대정원_증원 특집!!!,"제 세금으로 이런 방송 만들고 댓글알바 모집하지 마세요. 의사들과 전혀 협의없는 정책을 180석 믿고 밀어붙이려고 하며, 아직 입법도 안 된 정책을 이런 식으로 사실처럼 방송할 수가 있는건가요? 아무리 정책홍보 목적이라고 해도 이미 가결된 안도 아닌 것을 방송하는건 허위방송이죠. 진행자 두분 오늘 당황하시는 모습 잘 봤습니다~ 예상하시지 못한 댓글이라 정신 번쩍 들었겠네요~",26
2020-08-11,#여섯시愛복지Q 📺 #의대정원_증원 특집!!!,잘 모르는 국민들 선동하는 모습이 추악하네요 진짜... OECD 수가도 한번 평균내놓고 비교 좀 해봅시다. 그런특집은 안하나요??ㅎㅎ,31
2020-08-11,#여섯시愛복지Q 📺 #의대정원_증원 특집!!!,"1. 정말 의사가 부족한가요? 바꿔서 말하겠습니다. 지방에 병원이 없어서 치료를 못받으시는 분이 있으신가요? 지방에 의료원이 생긴다면, 광역시나 서울의 대형병원으로 진료 받으러 가지 않고 의료원으로 가실건가요? 
추가로 모집하는, 기존의 인원보다 수준이 낮은 의료진에게 진료 정말 받으실건가요??

2. 기피과... 의사가 부족해서 기피하는거 같나요?? 의사들이 돈을 밝혀서 힘든 과는 피하는거 같나요? 
흉부외과? 왜 지원 안할까요? 흉부외과를 전공하고 나와서 일자리를 구할수도 없고, 개원을 할수도 없기 때문입니다. 일자리는 왜 없을까요? 흉부외과의 지나치게 기형적인 수가 때문에 병원에서 운영을 최소화 합니다. 그로 인해 흉부외과는 일할 곳이 없습니다. 이것도 병원탓으로 돌릴건가요? 병원은 연간 수십억 적자를 내면서 흉부외과 전문의를 채용할 이유가 있나요? 적어도 운영을 하였을때 손해는 안나게 하는 구조를 만드는게 우선이지 않을까요.

3. 위와 같은 기피과의 수가는, 각종 핑계(보건보험료의 상승, 국민 부담 상승)를 대면서 한방 첩약은 급여화 한다고 합니다. 기피과의
수가 조정시 인상될 건강보험료랑은 비교도 안되는 일을 벌이면서, 눈앞에 놓인 현실에는 아무도 신경쓰지 않습니다. 이게 현 정부의 실태입니다. 의사수 늘리기 전에 정부에서 해야할 일들이 많습니다.",38
2020-08-11,#여섯시愛복지Q 📺 #의대정원_증원 특집!!!,"의료 붕괴 시키고!
원격의료 통과시켜서..
원격장비로 국민통제 하려고?",18
2020-08-11,#여섯시愛복지Q 📺 #의대정원_증원 특집!!!,"0. WHO에서 조사한 의사의 수요,공급 지표에서 한국은 ""의사가 부족하지 않은 국가""로 분류되었다.

1. 대한민국의 연간 의사 수 증가율은 3.1% 로 oecd 평균인 0.5% 보다 약 6배이다.

2. 대한민국의 의료 가격은 oecd 36개국 중 27위로 평균의 약 66%이다.

3. 대한민국의 55세 이하 의사 비율은 81%로 oecd 평균인 66%보다 높아 의사들의 평균연령이 어리고 오랜기간 활동가능하다.

4. 대한민국의 지역별 의사수 차이는 20%내외로 oecd 16개국 중 두번째로 잘 분산되어 있다.

5. 한국은 치료가 필요한 환자가 당일 의사 진료를 받는 비율이 99.2%다. (선진국 기준은 57%)

의사를 시골에 배치하고, 시골에 병원을 만드려면, 의사밀도 OECD 3위, 의료 이용률 OECD의 2.44배인 한국에서, 의사 수를 늘리는 것이 아닌, 시골에 ""공공의료원""을 세우고, 그곳에 의사를 채용하여야 합니다. 

의사 수만 늘어나면, ""시골 의무복무'가 끝난 36세의 여성의사, 39세의 남성의사는 시골을 등진 채 도시로 몰리게 되고, 도시 의사 수가 폭증하여, 생존경쟁에 내몰린 의사들이 비양심적 진료의 유혹에 빠지게 되고, 불필요한 수요를 창출해 의료비가 늘어나 건강보험재정이 악화될 것입니다.",59
2020-08-11,#여섯시愛복지Q 📺 #의대정원_증원 특집!!!,정부 기관이면 올바른 정보를 국민에게 전달해야하지 않나요? 이 영상에는 허위 정보도 많은 것 같네요....,49
2020-08-11,#여섯시愛복지Q 📺 #의대정원_증원 특집!!!,조민양성법 지역의사제 철회하라 경기 인천 포함하는 지역의사제 의도가 빤히 보인다!,31
2020-08-11,#여섯시愛복지Q 📺 #의대정원_증원 특집!!!,"의사밀도 oecd 3배, 의료이용률 oecd 2.44배.. 의사 엄청많은데 또 만든다고요? 조국 딸을? 이낙연 아들을?",43
2020-08-13,"의대정원 문제, 정부와 논의할 의료제도적 사안- 의료계 집단휴진 추진 관련 박능후 보건복지부 장관 대국민 담화문 발표",사람을 살리고 싶어서 의대에 왔습니다. 하지만 우리나라의 정책은 필수과를 가서 사람을 살릴수록 손해를 보게 만들어져있습니다. 의대에 온 사람들이 다 이기적이라서 필수과를 기피할까요? 저희는 사람을 살리는 필수과를 가고 싶어도 병원에 손해를 안기는 그런 의사들을 원하는 병원은 거의 없습니다. 저희는 사람을 살리는 기술을 배워도 그것을 쓸수가 없습니다. 이국종 교수님을 기억하시나요? 저도 그분처럼 훌륭한 의사가 되고 싶습니다. 하지만 저희의 말은 누구도 귀기울여 들어주지 않습니다. 닥터 프렌즈 선배님들과 부산의사 김원장 선배님께서 저희의 의견을 잘 정리해주셨습니다. 바쁘시겠지만 한번만 저희의 말을 들어주셨으면 합니다. 정말 의사들이 이기적이라 이 정책을 반대하는지 저희가 밥그릇싸움하느라 사람들의 건강은 안중에도 없는지 제발 한번만 들어주시면 감사하겠습니다.,22
2020-08-13,"의대정원 문제, 정부와 논의할 의료제도적 사안- 의료계 집단휴진 추진 관련 박능후 보건복지부 장관 대국민 담화문 발표","국민이 정치에 관심을 두지 않을 때, 우리 중 가장 취약계층이 고통을 받는다.",14
2020-08-13,"의대정원 문제, 정부와 논의할 의료제도적 사안- 의료계 집단휴진 추진 관련 박능후 보건복지부 장관 대국민 담화문 발표","정부는 모든부분강하게나가시길!!!
의협은각성해야 ᆢ",11
2020-08-13,"의대정원 문제, 정부와 논의할 의료제도적 사안- 의료계 집단휴진 추진 관련 박능후 보건복지부 장관 대국민 담화문 발표","문재인대통령님 문재인정부를
응원하고 격하게 신뢰합니다 
보건복지부 장관 응원합니다",15
2020-08-13,"의대정원 문제, 정부와 논의할 의료제도적 사안- 의료계 집단휴진 추진 관련 박능후 보건복지부 장관 대국민 담화문 발표",의사들이  돈장사 안된다고  의사 장사꾼을늘리자  말자는 짓 용서할수없는   무한경쟁이다.  농산물과잉된다고 농민숫자  막던가?  이세상올때 인간은  경쟁으로왔다  무한경쟁이다~~,12
2020-08-13,"의대정원 문제, 정부와 논의할 의료제도적 사안- 의료계 집단휴진 추진 관련 박능후 보건복지부 장관 대국민 담화문 발표",응원합니다  적극적으로!,12
2020-08-13,"의대정원 문제, 정부와 논의할 의료제도적 사안- 의료계 집단휴진 추진 관련 박능후 보건복지부 장관 대국민 담화문 발표",대화하자고 했더니 장관 필요없고 총리나 대통령 나오라던 의협이랑 대화가 될까요? 열악한 지방의사  늘리겠다니까 거품무는 것들이 무슨 의사입니까?,19
2020-08-13,"의대정원 문제, 정부와 논의할 의료제도적 사안- 의료계 집단휴진 추진 관련 박능후 보건복지부 장관 대국민 담화문 발표","국민에게나 앞으로 의료진들에게 아주 좋을 것 같고 의대진학을 희망하는 학생들도 좋아하겠어요!
잘하셨습니다!
화이팅!",17
2020-08-13,"의대정원 문제, 정부와 논의할 의료제도적 사안- 의료계 집단휴진 추진 관련 박능후 보건복지부 장관 대국민 담화문 발표","문정부 쉬운 길을 두고
어려운 길을 가네요 문정부.  힘내세요
이명박 .박근혜는 개혁을
않했습니다 그냥 쉬운 길을
택했습니다.",20
2020-08-13,"의대정원 문제, 정부와 논의할 의료제도적 사안- 의료계 집단휴진 추진 관련 박능후 보건복지부 장관 대국민 담화문 발표","의료인들 무슨짓이냐?
나쁜 정치인들 보고배워서 국민들한테 협박하냐?",15
2020-08-13,"의대정원 문제, 정부와 논의할 의료제도적 사안- 의료계 집단휴진 추진 관련 박능후 보건복지부 장관 대국민 담화문 발표","의사인가 조폭인가 이익을위해 국민의건가믈 담보로잡고 배째라하는행태를보면 기가막히네요.
전국민의 노력으로 코로나사태를 견뎌내고있는데 이로인해 그동안의 노력이 허사가될까 걱정입니다.",20
2020-08-13,"의대정원 문제, 정부와 논의할 의료제도적 사안- 의료계 집단휴진 추진 관련 박능후 보건복지부 장관 대국민 담화문 발표","진짜 의사, 가짜 의사 구분할 수 있는 좋은 기회!
이런 시국에 파업하는 의사들은 진짜 다시는 찾지 말아야할 의사다!",11
2020-08-13,"의대정원 문제, 정부와 논의할 의료제도적 사안- 의료계 집단휴진 추진 관련 박능후 보건복지부 장관 대국민 담화문 발표","의사 4000명 너무 적다. 10000 명으로 늘리자. 의사 연봉도 좀 낮추고
친절하고 진료 잘하는 의사만 살아남아야지",15
2020-08-13,"의대정원 문제, 정부와 논의할 의료제도적 사안- 의료계 집단휴진 추진 관련 박능후 보건복지부 장관 대국민 담화문 발표",국민 생명을 담보로 하는 직업군의 파업은 면허취소가 답 아닌가. 소방서가 파업하면? 경찰이 피업하면? 다르다 말하겠지만 국민 생명권을 보장하는 직업군인데 본인들 이기심에 누군가 피해본다면 그에 따른 조처도 필요하다 생각한다,14
2020-08-13,"의대정원 문제, 정부와 논의할 의료제도적 사안- 의료계 집단휴진 추진 관련 박능후 보건복지부 장관 대국민 담화문 발표",누가보면 매해 몇천명 정원 늘리는줄.....고작 400명 더 늘리는걸...ㅉㅉ,11
2020-08-13,"의대정원 문제, 정부와 논의할 의료제도적 사안- 의료계 집단휴진 추진 관련 박능후 보건복지부 장관 대국민 담화문 발표",겉으로만 대화말고 실제로 대화를 합시다 장관님^^,11
2020-08-13,"의대정원 문제, 정부와 논의할 의료제도적 사안- 의료계 집단휴진 추진 관련 박능후 보건복지부 장관 대국민 담화문 발표",병원노동조합들!! 파업 확정했네 !! 지금 파업 하려는 넘들은 병원엔 부자들이나 출입할수 있는 세상을 원하는거 같은데 !!난 최하층민 이라 만약 우한페렴에 감염되면 유서 쓰고 죽어겠다 . 잘나신 병원 노동자님들 귀찮게 하면 안되지!,13
2020-08-13,"의대정원 문제, 정부와 논의할 의료제도적 사안- 의료계 집단휴진 추진 관련 박능후 보건복지부 장관 대국민 담화문 발표","일베의사협회가 대화와 협상을 할 생각이없네?
돈 되는 성형외과 피부과 의사만 양상하는 건 문제다.
필요지역 필요진료과목도 반드시 늘려야 한다!!!
앞으로는 감염병 의료진과 연구진은 훨씬 더 많이 필요하다!!",13
2020-08-13,"의대정원 문제, 정부와 논의할 의료제도적 사안- 의료계 집단휴진 추진 관련 박능후 보건복지부 장관 대국민 담화문 발표","사회 기득권인 
군인, 정보기관,검사,의사,판사,고위경찰,재벌,언론 중에 남은 건 검사,의사,판사,재벌,언론 산 넘어 삼이군",12
2020-08-13,"의대정원 문제, 정부와 논의할 의료제도적 사안- 의료계 집단휴진 추진 관련 박능후 보건복지부 장관 대국민 담화문 발표","응원합니다ㆍ 계속 국민을 위해 화이팅 하세요
집단이기주의적인 행동은 국민의 동의를 얻기 어렵습니다",18
2020-08-13,"의대정원 문제, 정부와 논의할 의료제도적 사안- 의료계 집단휴진 추진 관련 박능후 보건복지부 장관 대국민 담화문 발표",아니 일손 딸려서 의사가 해야하는걸 간호사시키는 상황에서 지들만 밥그릇크기 유지하겠다고 집단행동하는게 과연 옳은 일이야?,13
2020-08-13,"의대정원 문제, 정부와 논의할 의료제도적 사안- 의료계 집단휴진 추진 관련 박능후 보건복지부 장관 대국민 담화문 발표",아픈 환자들을 무기삼아 이런식의 행동을 하려하다니... 정말 쓰레기들인거냐,19
2020-08-13,"의대정원 문제, 정부와 논의할 의료제도적 사안- 의료계 집단휴진 추진 관련 박능후 보건복지부 장관 대국민 담화문 발표",👉법대로 공익 과 사회를 어지럽히는 의사집단 행동은 도저히 이해가 안됩니다 의사들이 병원에서 환자 돌봄에 열심히 해야지 정치질을 하냐?아픈 환자를 생각하니 도저히 용서가 안되네 👈,22
2020-08-13,"의대정원 문제, 정부와 논의할 의료제도적 사안- 의료계 집단휴진 추진 관련 박능후 보건복지부 장관 대국민 담화문 발표","속지마세요    의사단체가 먼저 대화를 요구했으며  일방적으로 정부가 계속해서 무시해왔습니다.  정부가   우리가 내놓은 정책은 그대로 밀어붙이겠지만  협의체는 만들자(?)  라는 개소릴하고있는데,  결국 파업까지 이어지자   환자의 진료를 봐야된다는 식의 말도안되는 핑계만 하고있습니다.  의사들은 무작정 무식한 파업을 하고있는게 아닙니다.  하루 파업하지만 응급의료등은 문제없도록 하고있으며   이는 보건복지부의 명령도 아닌 의사들의 뜻으로  국민들에게 최대한 피해가 가지않게 결정한것입니다.   제발 저 뱀같은 능후의 혀에 속지마세요",15
2020-08-13,"의대정원 문제, 정부와 논의할 의료제도적 사안- 의료계 집단휴진 추진 관련 박능후 보건복지부 장관 대국민 담화문 발표","이런 상황에 자기들 밥그릇 지키겠다고 파업

모조리 잘라버려라.

열정있는 의사가 될 인재는 널리고 널렸다,",15
2020-08-13,"의대정원 문제, 정부와 논의할 의료제도적 사안- 의료계 집단휴진 추진 관련 박능후 보건복지부 장관 대국민 담화문 발표","이 시국에 뭐하는짓인지...
타협같은거 하지 마시고 무시하세요 의도적인 패악질입니다! 강력한 제재 들어가셔야합니다. 

인사 사고 발생시 면허취소같은 강력한 처벌하셔야 근절됩니다.
저런것들한테 제 생명 못맡깁니다.",19
